﻿[
    { "value": "a001", "text": "测试文本001" },
    { "value": "a002", "text": "测试文本002" },
    { "value": "a003", "text": "测试文本003" },
    { "value": "a004", "text": "测试文本004" },
    { "value": "a005", "text": "测试文本005" },
    { "value": "a006", "text": "测试文本006" },
    { "value": "a007", "text": "测试文本007" },
    { "value": "a008", "text": "测试文本008" },
    { "value": "a009", "text": "测试文本009" },
    { "value": "a010", "text": "测试文本010" }
]