﻿{
    "total": 55, "rows":
    [
        { "id": 1, "name": "A", "age": 6, "weight": 11.2, "size": "", "date": "02/19/2010", "children": [
            { "id": 101, "name": "Program Files", "age": 3, "weight": 14.2, "size": "120 MB", "date": "03/20/2010", "pid": 1, "children": [
                { "id": 1011, "name": "Java", "age": 9, "weight": 21.2, "size": "120 MB", "date": "01/13/2010", "state": "closed", "pid": 11, "children": [
                    { "id": 10111, "name": "java.exe", "age": 3, "weight": 21.1, "size": "142 kb", "date": "01/13/2010", "pid": 111 },
                    { "id": 10112, "name": "jawt.dll", "age": 11, "weight": 22, "size": "5 kb", "date": "01/13/2010", "pid": 111 }
                ] },
                { "id": 1012, "name": "MySQL", "age": 6, "weight": 11.2, "size": "120 MB", "date": "01/13/2010", "pid": 11, "children": [
                    { "id": 10121, "name": "my.ini", "age": 6, "weight": 11.2, "size": "10 kb", "date": "02/26/2009", "pid": 112 },
                    { "id": 10122, "name": "my-huge.ini", "age": 6, "weight": 11.2, "size": "5 kb", "date": "02/26/2009", "pid": 112 },
                    { "id": 10123, "name": "my-large.ini", "age": 6, "weight": 11.2, "size": "5 kb", "date": "02/26/2009", "pid": 112 }
                ] }
            ] },
            { "id": 102, "name": "Eclipse", "size": "", "date": "01/20/2010", "state": "closed", "pid": 1, "children": [
                { "id": 121, "name": "eclipse.exe", "size": "56 kb", "date": "05/19/2009", "pid": 12 },
                { "id": 123, "name": "eclipse.ini", "size": "1 kb", "date": "04/20/2010", "pid": 12 },
                { "id": 124, "name": "notice.html", "size": "7 kb", "date": "03/17/2005", "pid": 12 }
            ] }
        ] },

        { "id": 2, "name": "B", "age": 13, "weight": 21.1, "size": "", "date": "02/19/2010", "state": "closed", "children": [
            { "id": 201, "name": "B1", "age": 13, "weight": 21.1, "size": "", "date": "02/19/2010", "pid": 2 },
            { "id": 202, "name": "B2", "age": 13, "weight": 21.1, "size": "", "date": "02/19/2010", "pid": 2 },
            { "id": 203, "name": "B3", "age": 13, "weight": 21.1, "size": "", "date": "02/19/2010", "pid": 2 }
        ] },

        { "id": 3, "name": "C", "age": 11, "weight": 31.1, "size": "", "date": "02/19/2010" },
        { "id": 4, "name": "D", "age": 31, "weight": 33, "size": "", "date": "02/19/2010" },
        { "id": 5, "name": "E", "age": 22, "weight": 11, "size": "", "date": "02/19/2010" },
        { "id": 6, "name": "F", "age": 8, "weight": 14.8, "size": "", "date": "02/19/2010" },
        { "id": 7, "name": "G", "age": 11, "weight": 22, "size": "", "date": "02/19/2010" },
        { "id": 8, "name": "H", "age": 11, "weight": 22, "size": "", "date": "02/19/2010" },
        { "id": 9, "name": "I", "age": 11, "weight": 22, "size": "", "date": "02/19/2010" },
        { "id": 10, "name": "I10", "age": 11, "weight": 22, "size": "", "date": "02/19/2010" },
        { "id": 11, "name": "I11", "age": 11, "weight": 22, "size": "", "date": "02/19/2010" },
        { "id": 12, "name": "I12", "age": 11, "weight": 22, "size": "", "date": "02/19/2010" },
        { "id": 13, "name": "I13", "age": 11, "weight": 22, "size": "", "date": "02/19/2010" },
        { "id": 14, "name": "I14", "age": 11, "weight": 22, "size": "", "date": "02/19/2010" },
        { "id": 15, "name": "I15", "age": 11, "weight": 22, "size": "", "date": "02/19/2010" },
        { "id": 16, "name": "I16", "age": 11, "weight": 22, "size": "", "date": "02/19/2010" },
        { "id": 17, "name": "I17", "age": 11, "weight": 22, "size": "", "date": "02/19/2010" },
        { "id": 18, "name": "I18", "age": 11, "weight": 22, "size": "", "date": "02/19/2010" },
        { "id": 19, "name": "I19", "age": 11, "weight": 22, "size": "", "date": "02/19/2010" },
        { "id": 20, "name": "I20", "age": 11, "weight": 22, "size": "", "date": "02/19/2010" },
        { "id": 21, "name": "I21", "age": 11, "weight": 22, "size": "", "date": "02/19/2010" },
        { "id": 22, "name": "I22", "age": 11, "weight": 22, "size": "", "date": "02/19/2010" }
    ]
}