﻿{
    "total": 55, "rows":
    [
        { "id": "a1", "name": "A", "age": 6, "weight": 11.2, "size": "", "date": "02/19/2010", "children": [
            { "id": "a101", "name": "Program Files", "age": 3, "weight": 14.2, "size": "120 MB", "date": "03/20/2010", "pid": "a1", "children": [
                { "id": "a1011", "name": "Java", "age": 9, "weight": 21.2, "size": "120 MB", "date": "01/13/2010", "state": "closed", "pid": "a11", "children": [
                    { "id": "a10111", "name": "java.exe", "age": 3, "weight": 21.1, "size": "142 kb", "date": "01/13/2010", "pid": "a111" },
                    { "id": "a10112", "name": "jawt.dll", "age": 11, "weight": 22, "size": "5 kb", "date": "01/13/2010", "pid": "a111" }
                ] },
                { "id": "a1012", "name": "MySQL", "age": 6, "weight": 11.2, "size": "120 MB", "date": "01/13/2010", "pid": "a11", "children": [
                    { "id": "a10121", "name": "my.ini", "age": 6, "weight": 11.2, "size": "10 kb", "date": "02/26/2009", "pid": "a112" },
                    { "id": "a10122", "name": "my-huge.ini", "age": 6, "weight": 11.2, "size": "5 kb", "date": "02/26/2009", "pid": "a112" },
                    { "id": "a10123", "name": "my-large.ini", "age": 6, "weight": 11.2, "size": "5 kb", "date": "02/26/2009", "pid": "a112" }
                ] }
            ] },
            { "id": "a102", "name": "Eclipse", "size": "", "date": "01/20/2010", "state": "closed", "pid": "a1", "children": [
                { "id": "a121", "name": "eclipse.exe", "size": "56 kb", "date": "05/19/2009", "pid": "a12" },
                { "id": "a123", "name": "eclipse.ini", "size": "1 kb", "date": "04/20/2010", "pid": "a12" },
                { "id": "a124", "name": "notice.html", "size": "7 kb", "date": "03/17/2005", "pid": "a12" }
            ] }
        ] },

        { "id": "a2", "name": "B", "age": 13, "weight": 21.1, "size": "", "date": "02/19/2010", "state": "closed", "children": [
            { "id": "a201", "name": "B1", "age": 13, "weight": 21.1, "size": "", "date": "02/19/2010", "pid": "a2" },
            { "id": "a202", "name": "B2", "age": 13, "weight": 21.1, "size": "", "date": "02/19/2010", "pid": "a2" },
            { "id": "a203", "name": "B3", "age": 13, "weight": 21.1, "size": "", "date": "02/19/2010", "pid": "a2" }
        ] },

        { "id": "a3", "name": "C", "age": 11, "weight": 31.1, "size": "", "date": "02/19/2010" },
        { "id": "a4", "name": "D", "age": 31, "weight": 33, "size": "", "date": "02/19/2010" },
        { "id": "a5", "name": "E", "age": 22, "weight": 11, "size": "", "date": "02/19/2010" },
        { "id": "a6", "name": "F", "age": 8, "weight": 14.8, "size": "", "date": "02/19/2010" },
        { "id": "a7", "name": "G", "age": 11, "weight": 22, "size": "", "date": "02/19/2010" },
        { "id": "a8", "name": "H", "age": 11, "weight": 22, "size": "", "date": "02/19/2010" },
        { "id": "a9", "name": "I", "age": 11, "weight": 22, "size": "", "date": "02/19/2010" },
        { "id": "a10", "name": "I10", "age": 11, "weight": 22, "size": "", "date": "02/19/2010" },
        { "id": "a11", "name": "I11", "age": 11, "weight": 22, "size": "", "date": "02/19/2010" },
        { "id": "a12", "name": "I12", "age": 11, "weight": 22, "size": "", "date": "02/19/2010" },
        { "id": "a13", "name": "I13", "age": 11, "weight": 22, "size": "", "date": "02/19/2010" },
        { "id": "a14", "name": "I14", "age": 11, "weight": 22, "size": "", "date": "02/19/2010" },
        { "id": "a15", "name": "I15", "age": 11, "weight": 22, "size": "", "date": "02/19/2010" },
        { "id": "a16", "name": "I16", "age": 11, "weight": 22, "size": "", "date": "02/19/2010" },
        { "id": "a17", "name": "I17", "age": 11, "weight": 22, "size": "", "date": "02/19/2010" },
        { "id": "a18", "name": "I18", "age": 11, "weight": 22, "size": "", "date": "02/19/2010" },
        { "id": "a19", "name": "I19", "age": 11, "weight": 22, "size": "", "date": "02/19/2010" },
        { "id": "a20", "name": "I20", "age": 11, "weight": 22, "size": "", "date": "02/19/2010" },
        { "id": "a21", "name": "I21", "age": 11, "weight": 22, "size": "", "date": "02/19/2010" },
        { "id": "a22", "name": "I22", "age": 11, "weight": 22, "size": "", "date": "02/19/2010" }
    ]
}