﻿[
    { "title": "作者(流云)-cnblogs", "href": "http://cjw0511.cnblogs.com/", "bold": true },
    { "title": "EasyUI中文社区API", "href": "http://api.btboys.com/" },
    { "title": "jEasyUI培训班", "href": "http://www.jeasyuicn.com/" },
    { "title": "jEasyUI中文社区", "href": "http://www.jeasyuicn.com/" },
    { "title": "SSHE示例项目", "href": "http://sshe.jeasyuicn.com" },
    { "title": "SyProDEMO", "href": "http://sypro.jeasyuicn.com" },
    { "title": "phpDEMO", "href": "http://php-easyui-demo.jeasyuicn.com/" },
    { "title": "jEasyUI桌面DEMO", "href": "http://app.btboys.com/" },
    { "title": "jEasyUI官方API(英文)", "href": "http://www.jeasyui.com/documentation/index.php" },
    { "title": "jEasyUI官方DEMO", "href": "http://jeasyui.com/demo/main/index.php" },
    { "title": "jEasyUI官方教程", "href": "http://jeasyui.com/tutorial/index.php" },
    { "title": "jEasyUI官方下载", "href": "http://jeasyui.com/download/index.php" },
    { "title": "jEasyUI官方扩展", "href": "http://jeasyui.com/extension/index.php" },
    { "title": "jEasyUI官方论坛", "href": "http://www.jeasyui.com/forum/index.php" }
]